{
  "id": "bea5d8bc-7676-44de-aa52-fa137d7ec1ef",
  "name": "network-speed-unit",
  "isOverridable": true,
  "entries": [
    {
      "value": "Mbps",
      "synonyms": [
        "Mbps",
        "mbps",
        "Mega bytes per sec",
        "Mega bits per sec",
        "Mb",
        "mb",
        "Mbyte",
        "Mbit",
        "mega byte"
      ]
    },
    {
      "value": "Gbps",
      "synonyms": [
        "Gb",
        "Giga byte",
        "giga byte",
        "gbps"
      ]
    }
  ],
  "isEnum": false,
  "automatedExpansion": false
}