{
  "id": "d4ac5679-de23-43ee-a35a-67cda532b898",
  "name": "unit-length-comparison-entity",
  "isOverridable": true,
  "entries": [
    {
      "value": "less",
      "synonyms": [
        "less",
        "shorter",
        "closer",
        "nearer",
        "smaller",
        "small"
      ]
    },
    {
      "value": "more",
      "synonyms": [
        "more",
        "greater",
        "higher",
        "far",
        "farther"
      ]
    },
    {
      "value": "equal",
      "synonyms": [
        "equal",
        "about",
        "almost",
        "nearly",
        "maybe",
        "close"
      ]
    }
  ],
  "isEnum": false,
  "automatedExpansion": false
}