{
  "id": "866f2334-60bd-42fb-b346-62a7390cf14b",
  "name": "connectivity",
  "isOverridable": true,
  "entries": [
    {
      "value": "internet",
      "synonyms": [
        "Internet",
        "internet",
        "online",
        "network"
      ]
    },
    {
      "value": "wireless",
      "synonyms": [
        "wifi",
        "WiFi",
        "WIFI",
        "Wireless"
      ]
    },
    {
      "value": "wired",
      "synonyms": [
        "wired",
        "cable",
        "modem",
        "Cable",
        "Modem",
        "Wired",
        "wire",
        "wires",
        "isp",
        "service provider",
        "internet service provider"
      ]
    }
  ],
  "isEnum": false,
  "automatedExpansion": false
}