{
  "id": "1cab0d50-5617-4768-a87c-b4ae371142b2",
  "name": "network-speed-no-space",
  "isOverridable": true,
  "entries": [
    {
      "value": "10Mbps",
      "synonyms": [
        "10Mbps",
        "10mbps"
      ]
    },
    {
      "value": "1Mbps",
      "synonyms": [
        "1Mbps",
        "1mbps"
      ]
    },
    {
      "value": "25Mbps",
      "synonyms": [
        "25Mbps",
        "25mbps"
      ]
    },
    {
      "value": "50Mbps",
      "synonyms": [
        "50Mbps",
        "50mbps"
      ]
    },
    {
      "value": "100Mbps",
      "synonyms": [
        "100Mbps",
        "100mbps"
      ]
    }
  ],
  "isEnum": false,
  "automatedExpansion": false
}