{
  "id": "e5c151f2-0681-4bb1-a749-2d5925bcf9df",
  "name": "network-app",
  "isOverridable": true,
  "entries": [
    {
      "value": "video streaming",
      "synonyms": [
        "youtube",
        "YouTube",
        "netflix",
        "Netflix",
        "Hulu",
        "Amazon",
        "hulu",
        "amazon",
        "prime",
        "Prime",
        "Cable TV",
        "sports",
        "streaming",
        "music",
        "video",
        "live",
        "movie",
        "HBO",
        "Fox",
        "FOX",
        "movies",
        "stream"
      ]
    },
    {
      "value": "audio streaming",
      "synonyms": [
        "audio-streaming",
        "pandora",
        "Pandora",
        "Spotify",
        "spotify",
        "radio",
        "podcasts",
        "listen",
        "hear"
      ]
    },
    {
      "value": "web browsing",
      "synonyms": [
        "web-browsing",
        "website",
        "login",
        "google",
        "amazon",
        "facebook",
        "espn",
        "online",
        "site",
        "company",
        "browsing",
        "browse"
      ]
    },
    {
      "value": "app",
      "synonyms": [
        "phone-apps",
        "instagram",
        "Instagram",
        "Snapchat",
        "snapchat",
        "Uber",
        "Lyft",
        "uber",
        "lyft",
        "texting",
        "messaging",
        "whatsapp",
        "WhatsApp",
        "facetime",
        "FaceTime",
        "iMessage",
        "app"
      ]
    },
    {
      "value": "mail app",
      "synonyms": [
        "mail",
        "email",
        "gmail",
        "outlook"
      ]
    },
    {
      "value": "device app",
      "synonyms": [
        "iot-apps",
        "recording",
        "listening",
        "blinking"
      ]
    },
    {
      "value": "storage app",
      "synonyms": [
        "storage app",
        "dropbox",
        "box",
        "google drive"
      ]
    }
  ],
  "isEnum": false,
  "automatedExpansion": false
}