{
  "id": "6eabaff3-8d97-4be1-86a1-e26e664d3635",
  "name": "service-company",
  "isOverridable": true,
  "entries": [
    {
      "value": "comcast",
      "synonyms": [
        "comcast",
        "Comcast",
        "Xfinity",
        "xfinity"
      ]
    },
    {
      "value": "att",
      "synonyms": [
        "att",
        "AT\u0026T",
        "ATT"
      ]
    },
    {
      "value": "directtv",
      "synonyms": [
        "directtv",
        "DirectTV"
      ]
    },
    {
      "value": "wave",
      "synonyms": [
        "wave",
        "Wave"
      ]
    },
    {
      "value": "xfnity",
      "synonyms": [
        "xfnity"
      ]
    },
    {
      "value": "direct tv",
      "synonyms": [
        "direct tv"
      ]
    }
  ],
  "isEnum": false,
  "automatedExpansion": false
}