{
  "id": "b244e834-7d43-4403-b7f4-0a2cbebcaed9",
  "name": "network-speed-composite",
  "isOverridable": true,
  "entries": [
    {
      "value": "@sys.number-integer:number-integer  @network-speed-unit:network-speed-unit",
      "synonyms": [
        "@sys.number-integer:number-integer  @network-speed-unit:network-speed-unit"
      ]
    },
    {
      "value": "@sys.number-integer @network-speed-unit:network-speed-unit",
      "synonyms": [
        "@sys.number-integer @network-speed-unit:network-speed-unit"
      ]
    }
  ],
  "isEnum": true,
  "automatedExpansion": false
}