{
  "id": "373cb6c2-1269-4a60-b552-d0d75e9fbb2e",
  "name": "smart-devices",
  "isOverridable": true,
  "entries": [
    {
      "value": "laptop",
      "synonyms": [
        "laptops",
        "macbook",
        "MacBook",
        "Windows",
        "machine",
        "laptop",
        "Chromebook",
        "Laptop",
        "Mac",
        "mac",
        "Lenovo",
        "lenovo",
        "XP",
        "10"
      ]
    },
    {
      "value": "phone",
      "synonyms": [
        "phone",
        "smartphone",
        "iphone",
        "iPhone",
        "Android",
        "android",
        "samsung",
        "Samsung",
        "LG",
        "Pixel",
        "mobile"
      ]
    },
    {
      "value": "router",
      "synonyms": [
        "router",
        "wireless router",
        "AP",
        "cisco",
        "belkin"
      ]
    },
    {
      "value": "modem",
      "synonyms": [
        "modem",
        "cable",
        "splitter",
        "wired"
      ]
    },
    {
      "value": "camera",
      "synonyms": [
        "cams",
        "dropcam",
        "home camera",
        "security camera",
        "outdoor camera",
        "nestcam",
        "camera",
        "ring",
        "doorbell",
        "video camera"
      ]
    },
    {
      "value": "thermostat",
      "synonyms": [
        "thermostat",
        "nest",
        "smart temp",
        "smart temperature"
      ]
    },
    {
      "value": "light",
      "synonyms": [
        "light",
        "smart bulb",
        "wireless bulb",
        "phillips",
        "hue",
        "bulb"
      ]
    },
    {
      "value": "alarm",
      "synonyms": [
        "alarm",
        "fire alarm",
        "security alarm",
        "door alarm",
        "august",
        "lock"
      ]
    },
    {
      "value": "tv",
      "synonyms": [
        "tv",
        "smart tv"
      ]
    },
    {
      "value": "streaming device",
      "synonyms": [
        "settopbox",
        "set top box",
        "apple tv",
        "roku",
        "chromecast",
        "amazon fire"
      ]
    },
    {
      "value": "voice helper",
      "synonyms": [
        "voicehelper",
        "alexa",
        "google home",
        "siri",
        "dot",
        "echo"
      ]
    },
    {
      "value": "game console",
      "synonyms": [
        "playstation",
        "game console",
        "gaming system",
        "play station",
        "x box",
        "X box",
        "Xbox"
      ]
    },
    {
      "value": "tablet",
      "synonyms": [
        "tablet",
        "ipad",
        "kindle"
      ]
    }
  ],
  "isEnum": false,
  "automatedExpansion": false
}